Supplier_ID,Supplier_Name,Country,Email,Phone
SUP001,Supplier 1,India,supplier1@retail.com,9800000001
SUP002,Supplier 2,India,supplier2@retail.com,9800000002
SUP003,Supplier 3,India,supplier3@retail.com,9800000003
SUP004,Supplier 4,India,supplier4@retail.com,9800000004
SUP005,Supplier 5,India,supplier5@retail.com,9800000005
SUP006,Supplier 6,India,supplier6@retail.com,9800000006
SUP007,Supplier 7,India,supplier7@retail.com,9800000007
SUP008,Supplier 8,India,supplier8@retail.com,9800000008
SUP009,Supplier 9,India,supplier9@retail.com,9800000009
SUP010,Supplier 10,India,supplier10@retail.com,9800000010
SUP011,Supplier 11,India,supplier11@retail.com,9800000011
SUP012,Supplier 12,India,supplier12@retail.com,9800000012
SUP013,Supplier 13,India,supplier13@retail.com,9800000013
SUP014,Supplier 14,India,supplier14@retail.com,9800000014
SUP015,Supplier 15,India,supplier15@retail.com,9800000015
SUP016,Supplier 16,India,supplier16@retail.com,9800000016
SUP017,Supplier 17,India,supplier17@retail.com,9800000017
SUP018,Supplier 18,India,supplier18@retail.com,9800000018
SUP019,Supplier 19,India,supplier19@retail.com,9800000019
SUP020,Supplier 20,India,supplier20@retail.com,9800000020
SUP021,Supplier 21,India,supplier21@retail.com,9800000021
SUP022,Supplier 22,India,supplier22@retail.com,9800000022
SUP023,Supplier 23,India,supplier23@retail.com,9800000023
SUP024,Supplier 24,India,supplier24@retail.com,9800000024
SUP025,Supplier 25,India,supplier25@retail.com,9800000025
SUP026,Supplier 26,India,supplier26@retail.com,9800000026
SUP027,Supplier 27,India,supplier27@retail.com,9800000027
SUP028,Supplier 28,India,supplier28@retail.com,9800000028
SUP029,Supplier 29,India,supplier29@retail.com,9800000029
SUP030,Supplier 30,India,supplier30@retail.com,9800000030
SUP031,Supplier 31,India,supplier31@retail.com,9800000031
SUP032,Supplier 32,India,supplier32@retail.com,9800000032
SUP033,Supplier 33,India,supplier33@retail.com,9800000033
SUP034,Supplier 34,India,supplier34@retail.com,9800000034
SUP035,Supplier 35,India,supplier35@retail.com,9800000035
SUP036,Supplier 36,India,supplier36@retail.com,9800000036
SUP037,Supplier 37,India,supplier37@retail.com,9800000037
SUP038,Supplier 38,India,supplier38@retail.com,9800000038
SUP039,Supplier 39,India,supplier39@retail.com,9800000039
SUP040,Supplier 40,India,supplier40@retail.com,9800000040
SUP041,Supplier 41,India,supplier41@retail.com,9800000041
SUP042,Supplier 42,India,supplier42@retail.com,9800000042
SUP043,Supplier 43,India,supplier43@retail.com,9800000043
SUP044,Supplier 44,India,supplier44@retail.com,9800000044
SUP045,Supplier 45,India,supplier45@retail.com,9800000045
SUP046,Supplier 46,India,supplier46@retail.com,9800000046
SUP047,Supplier 47,India,supplier47@retail.com,9800000047
SUP048,Supplier 48,India,supplier48@retail.com,9800000048
SUP049,Supplier 49,India,supplier49@retail.com,9800000049
SUP050,Supplier 50,India,supplier50@retail.com,9800000050
SUP051,Supplier 51,India,supplier51@retail.com,9800000051
SUP052,Supplier 52,India,supplier52@retail.com,9800000052
SUP053,Supplier 53,India,supplier53@retail.com,9800000053
SUP054,Supplier 54,India,supplier54@retail.com,9800000054
SUP055,Supplier 55,India,supplier55@retail.com,9800000055
SUP056,Supplier 56,India,supplier56@retail.com,9800000056
SUP057,Supplier 57,India,supplier57@retail.com,9800000057
SUP058,Supplier 58,India,supplier58@retail.com,9800000058
SUP059,Supplier 59,India,supplier59@retail.com,9800000059
SUP060,Supplier 60,India,supplier60@retail.com,9800000060
SUP061,Supplier 61,India,supplier61@retail.com,9800000061
SUP062,Supplier 62,India,supplier62@retail.com,9800000062
SUP063,Supplier 63,India,supplier63@retail.com,9800000063
SUP064,Supplier 64,India,supplier64@retail.com,9800000064
SUP065,Supplier 65,India,supplier65@retail.com,9800000065
SUP066,Supplier 66,India,supplier66@retail.com,9800000066
SUP067,Supplier 67,India,supplier67@retail.com,9800000067
SUP068,Supplier 68,India,supplier68@retail.com,9800000068
SUP069,Supplier 69,India,supplier69@retail.com,9800000069
SUP070,Supplier 70,India,supplier70@retail.com,9800000070
SUP071,Supplier 71,India,supplier71@retail.com,9800000071
SUP072,Supplier 72,India,supplier72@retail.com,9800000072
SUP073,Supplier 73,India,supplier73@retail.com,9800000073
SUP074,Supplier 74,India,supplier74@retail.com,9800000074
SUP075,Supplier 75,India,supplier75@retail.com,9800000075
SUP076,Supplier 76,India,supplier76@retail.com,9800000076
SUP077,Supplier 77,India,supplier77@retail.com,9800000077
SUP078,Supplier 78,India,supplier78@retail.com,9800000078
SUP079,Supplier 79,India,supplier79@retail.com,9800000079
SUP080,Supplier 80,India,supplier80@retail.com,9800000080
SUP081,Supplier 81,India,supplier81@retail.com,9800000081
SUP082,Supplier 82,India,supplier82@retail.com,9800000082
SUP083,Supplier 83,India,supplier83@retail.com,9800000083
SUP084,Supplier 84,India,supplier84@retail.com,9800000084
SUP085,Supplier 85,India,supplier85@retail.com,9800000085
SUP086,Supplier 86,India,supplier86@retail.com,9800000086
SUP087,Supplier 87,India,supplier87@retail.com,9800000087
SUP088,Supplier 88,India,supplier88@retail.com,9800000088
SUP089,Supplier 89,India,supplier89@retail.com,9800000089
SUP090,Supplier 90,India,supplier90@retail.com,9800000090
SUP091,Supplier 91,India,supplier91@retail.com,9800000091
SUP092,Supplier 92,India,supplier92@retail.com,9800000092
SUP093,Supplier 93,India,supplier93@retail.com,9800000093
SUP094,Supplier 94,India,supplier94@retail.com,9800000094
SUP095,Supplier 95,India,supplier95@retail.com,9800000095
SUP096,Supplier 96,India,supplier96@retail.com,9800000096
SUP097,Supplier 97,India,supplier97@retail.com,9800000097
SUP098,Supplier 98,India,supplier98@retail.com,9800000098
SUP099,Supplier 99,India,supplier99@retail.com,9800000099
SUP100,Supplier 100,India,supplier100@retail.com,9800000100
